SMILES,FIA,group
Brc1cc(Br)c2c(c1)N1B(O2)Oc2c(Br)cc(Br)cc21,416.679895658046,original
Brc1ccc2c(c1)N1B(O2)Oc2ccc(Br)cc21,379.5528548564762,original
Brc1ccc2c(c1)OB1Oc3cc(Br)ccc3N12,382.61626223661005,original
Brc1ccc2c(c1Br)OB1Oc3c(ccc(Br)c3Br)N12,410.1484388075769,original
Brc1cccc2c1OB1Oc3c(Br)cccc3N12,378.3202087655664,original
CC(C)(C)c1c(C#N)c(C#N)cc2c1OB1Oc3c(cc(C#N)c(C#N)c3C(C)(C)C)N12,477.6998809436336,coverage
CC(C)(C)c1c(C(F)(F)F)cc2c(c1N)OB1Oc3c(cc(C(F)(F)F)c(C(C)(C)C)c3N)N12,384.6726327575743,original
CC(C)(C)c1c(F)c(Br)cc2c1OB1Oc3c(cc(Br)c(F)c3C(C)(C)C)N12,399.2792880609632,original
CC(C)(C)c1c(F)ccc2c1OB1Oc3c(ccc(F)c3C(C)(C)C)N12,368.04536624532193,original
CC(C)(C)c1c(N)cc2c(c1[N+](=O)[O-])OB1Oc3c(cc(N)c(C(C)(C)C)c3[N+](=O)[O-])N12,388.5450617680326,original
CC(C)(C)c1c(O)cc2c(c1O)OB1Oc3c(cc(O)c(C(C)(C)C)c3O)N12,374.3289233651012,kmeans
CC(C)(C)c1c([N+](=O)[O-])cc2c(c1N)OB1Oc3c(cc([N+](=O)[O-])c(C(C)(C)C)c3N)N12,407.1945147877559,original
CC(C)(C)c1c2c(cc(Cl)c1C(F)(F)F)N1B(O2)Oc2c1cc(Cl)c(C(F)(F)F)c2C(C)(C)C,427.0018133968115,coverage
CC(C)(C)c1cc(F)cc2c1OB1Oc3c(cc(F)cc3C(C)(C)C)N12,351.5901487627998,original
CC(C)(C)c1cc2c(c(Br)c1Cl)OB1Oc3c(cc(C(C)(C)C)c(Cl)c3Br)N12,405.0663368366658,original
CC(C)(C)c1cc2c(c(C(C)(C)C)c1O)OB1Oc3c(cc(C(C)(C)C)c(O)c3C(C)(C)C)N12,365.206045310013,original
CC(C)(C)c1cc2c(c(C(F)(F)F)c1)OB1Oc3c(cc(C(C)(C)C)cc3C(F)(F)F)N12,389.9661662606522,original
CC(C)(C)c1cc2c(c(C(F)(F)F)c1N)OB1Oc3c(cc(C(C)(C)C)c(N)c3C(F)(F)F)N12,374.32254339940846,original
CC(C)(C)c1cc2c(c(O)c1[N+](=O)[O-])OB1Oc3c(cc(C(C)(C)C)c([N+](=O)[O-])c3O)N12,433.8435518583283,original
CC(C)(C)c1cc2c(c([N+](=O)[O-])c1N)OB1Oc3c(cc(C(C)(C)C)c(N)c3[N+](=O)[O-])N12,405.6169567378238,original
CC(C)(C)c1cc2c(cc1Br)OB1Oc3cc(Br)c(C(C)(C)C)cc3N12,380.62072455510497,original
CC(C)(C)c1cc2c(cc1C#N)N1B(O2)Oc2cc(C(C)(C)C)c(C#N)cc21,429.0131303342059,original
CC(C)(C)c1cc2c(cc1F)N1B(O2)Oc2cc(C(C)(C)C)c(F)cc21,356.5237786974758,original
CC(C)(C)c1cc2c(cc1F)OB1Oc3cc(F)c(C(C)(C)C)cc3N12,353.6690198201686,original
CC(C)(C)c1cc2c(cc1O)N1B(O2)Oc2cc(C(C)(C)C)c(O)cc21,326.2632610825822,original
CC(C)(C)c1ccc2c(c1O)OB1Oc3c(ccc(C(C)(C)C)c3O)N12,354.17910199891776,original
CN(C)c1c(Br)c(N)cc2c1OB1Oc3c(cc(N)c(Br)c3N(C)C)N12,357.8800333328545,original
CN(C)c1c(C#N)c(C(F)(F)F)cc2c1OB1Oc3c(cc(C(F)(F)F)c(C#N)c3N(C)C)N12,445.8117369906977,original
CN(C)c1c(C#N)cc2c(c1O)OB1Oc3c(cc(C#N)c(N(C)C)c3O)N12,441.0850227251649,original
CN(C)c1c(C#N)cc2c(c1[N+](=O)[O-])OB1Oc3c(cc(C#N)c(N(C)C)c3[N+](=O)[O-])N12,477.33603912685066,original
CN(C)c1c(C(F)(F)F)cc2c(c1C(F)(F)F)OB1Oc3c(cc(C(F)(F)F)c(N(C)C)c3C(F)(F)F)N12,436.10037931986153,coverage
CN(C)c1c(Cl)c(Br)cc2c1OB1Oc3c(cc(Br)c(Cl)c3N(C)C)N12,398.23244862258434,coverage
CN(C)c1c(Cl)c(F)cc2c1OB1Oc3c(cc(F)c(Cl)c3N(C)C)N12,382.4888729667291,kmeans
CN(C)c1c(N)ccc2c1OB1Oc3c(ccc(N)c3N(C)C)N12,335.4979854458943,original
CN(C)c1c(O)c(C#N)cc2c1OB1Oc3c(cc(C#N)c(O)c3N(C)C)N12,416.244535212405,original
CN(C)c1c(O)cc2c(c1C(C)(C)C)OB1Oc3c(cc(O)c(N(C)C)c3C(C)(C)C)N12,346.79364870209247,original
CN(C)c1c(O)cc2c(c1O)OB1Oc3c(cc(O)c(N(C)C)c3O)N12,326.2165796896443,kmeans
CN(C)c1c(O)ccc2c1OB1Oc3c(ccc(O)c3N(C)C)N12,332.1576928170398,original
CN(C)c1c2c(cc(C(C)(C)C)c1[N+](=O)[O-])N1B(O2)Oc2c1cc(C(C)(C)C)c([N+](=O)[O-])c2N(C)C,417.5457856217399,original
CN(C)c1c2c(cc([N+](=O)[O-])c1C(C)(C)C)N1B(O2)Oc2c1cc([N+](=O)[O-])c(C(C)(C)C)c2N(C)C,430.81222809292376,original
CN(C)c1c2c(cc([N+](=O)[O-])c1C(F)(F)F)N1B(O2)Oc2c1cc([N+](=O)[O-])c(C(F)(F)F)c2N(C)C,460.36309925839305,original
CN(C)c1cc(C(C)(C)C)cc2c1OB1Oc3c(N(C)C)cc(C(C)(C)C)cc3N12,343.3187466766685,original
CN(C)c1cc(C(F)(F)F)cc2c1OB1Oc3c(N(C)C)cc(C(F)(F)F)cc3N12,385.1091746762395,original
CN(C)c1cc(Cl)c2c(c1)N1B(O2)Oc2c(Cl)cc(N(C)C)cc21,365.6133654117584,original
CN(C)c1cc(O)c2c(c1)N1B(O2)Oc2c(O)cc(N(C)C)cc21,313.24377316143364,original
CN(C)c1cc2c(c(Br)c1C#N)OB1Oc3c(cc(N(C)C)c(C#N)c3Br)N12,444.9250793159008,original
CN(C)c1cc2c(c(C#N)c1N(C)C)OB1Oc3c(cc(N(C)C)c(N(C)C)c3C#N)N12,403.4820312494412,coverage
CN(C)c1cc2c(c(C(F)(F)F)c1C(C)(C)C)OB1Oc3c(cc(N(C)C)c(C(C)(C)C)c3C(F)(F)F)N12,396.3704176237807,coverage
CN(C)c1cc2c(c(F)c1Cl)OB1Oc3c(cc(N(C)C)c(Cl)c3F)N12,386.4749861350283,kmeans
CN(C)c1cc2c(c([N+](=O)[O-])c1F)OB1Oc3c(cc(N(C)C)c(F)c3[N+](=O)[O-])N12,435.52145652566105,original
CN(C)c1cc2c(cc1Br)OB1Oc3cc(Br)c(N(C)C)cc3N12,377.04833770543337,original
CN(C)c1cc2c(cc1Cl)N1B(O2)Oc2cc(N(C)C)c(Cl)cc21,371.2182832369581,original
CN(C)c1cc2c(cc1O)N1B(O2)Oc2cc(N(C)C)c(O)cc21,306.86428026482463,original
CN(C)c1cc2c(cc1O)OB1Oc3cc(O)c(N(C)C)cc3N12,345.44713466987014,original
CN(C)c1ccc2c(c1)N1B(O2)Oc2ccc(N(C)C)cc21,329.31348844990134,original
CN(C)c1ccc2c(c1)OB1Oc3cc(N(C)C)ccc3N12,333.7807324072346,original
CN(C)c1ccc2c(c1C#N)OB1Oc3c(ccc(N(C)C)c3C#N)N12,407.31452640146017,original
CN(C)c1ccc2c(c1Cl)OB1Oc3c(ccc(N(C)C)c3Cl)N12,371.0338943591341,original
CN(C)c1ccc2c(c1N(C)C)OB1Oc3c(ccc(N(C)C)c3N(C)C)N12,356.9477444700897,original
CN(C)c1cccc2c1OB1Oc3c(N(C)C)cccc3N12,340.14165251515806,original
COc1c(Br)c(F)cc2c1OB1Oc3c(cc(F)c(Br)c3OC)N12,400.5737384222448,original
COc1c(Br)cc2c(c1N)OB1Oc3c(cc(Br)c(OC)c3N)N12,376.3926977962256,original
COc1c(Br)cc2c(c1OC)OB1Oc3c(cc(Br)c(OC)c3OC)N12,389.1735802590847,original
COc1c(C#N)c(Cl)cc2c1OB1Oc3c(cc(Cl)c(C#N)c3OC)N12,453.2188506647945,original
COc1c(C#N)cc2c(c1C(C)(C)C)OB1Oc3c(cc(C#N)c(OC)c3C(C)(C)C)N12,426.23296191729605,coverage
COc1c(C(C)(C)C)cc2c(c1O)OB1Oc3c(cc(C(C)(C)C)c(OC)c3O)N12,372.8239866495133,original
COc1c(C(C)(C)C)ccc2c1OB1Oc3c(ccc(C(C)(C)C)c3OC)N12,369.9086312279105,original
COc1c(C)cc2c(c1C#N)OB1Oc3c(cc(C)c(OC)c3C#N)N12,421.2423848826438,kmeans
COc1c(C)cc2c(c1F)OB1Oc3c(cc(C)c(OC)c3F)N12,362.4789907615632,coverage
COc1c(Cl)c(C)cc2c1OB1Oc3c(cc(C)c(Cl)c3OC)N12,379.47432614769787,kmeans
COc1c(F)c(C(C)(C)C)cc2c1OB1Oc3c(cc(C(C)(C)C)c(F)c3OC)N12,388.5806372957304,original
COc1c(F)c(N(C)C)cc2c1OB1Oc3c(cc(N(C)C)c(F)c3OC)N12,376.4559460962191,coverage
COc1c(F)cc2c(c1C(F)(F)F)OB1Oc3c(cc(F)c(OC)c3C(F)(F)F)N12,411.89279488567263,coverage
COc1c(F)cc2c(c1N)OB1Oc3c(cc(F)c(OC)c3N)N12,348.83731180243194,original
COc1c(N(C)C)cc2c(c1Cl)OB1Oc3c(cc(N(C)C)c(OC)c3Cl)N12,395.1836915332824,coverage
COc1c(N)c(C)cc2c1OB1Oc3c(cc(C)c(N)c3OC)N12,337.52938746102154,coverage
COc1c2c(cc(C(C)(C)C)c1C(C)(C)C)N1B(O2)Oc2c1cc(C(C)(C)C)c(C(C)(C)C)c2OC,382.6474531777203,coverage
COc1c2c(cc(C)c1C(C)(C)C)N1B(O2)Oc2c1cc(C)c(C(C)(C)C)c2OC,350.23541691340506,kmeans
COc1c2c(cc(C)c1C(F)(F)F)N1B(O2)Oc2c1cc(C)c(C(F)(F)F)c2OC,396.97157840430737,kmeans
COc1c2c(cc(C)c1N(C)C)N1B(O2)Oc2c1cc(C)c(N(C)C)c2OC,349.6779969660565,kmeans
COc1cc(C#N)cc2c1OB1Oc3c(OC)cc(C#N)cc3N12,419.7298342175782,coverage
COc1cc(C(F)(F)F)cc2c1OB1Oc3c(OC)cc(C(F)(F)F)cc3N12,388.5930034015328,original
COc1cc(O)c2c(c1)N1B(O2)Oc2c(O)cc(OC)cc21,345.20466972514987,original
COc1cc2c(c(Br)c1C(F)(F)F)OB1Oc3c(cc(OC)c(C(F)(F)F)c3Br)N12,420.5686815343797,original
COc1cc2c(c(Br)c1C)OB1Oc3c(cc(OC)c(C)c3Br)N12,377.4281163103879,original
COc1cc2c(c(C#N)c1Cl)OB1Oc3c(cc(OC)c(Cl)c3C#N)N12,443.7135422509164,original
COc1cc2c(c(C(C)(C)C)c1)OB1Oc3c(cc(OC)cc3C(C)(C)C)N12,347.91371334251016,original
COc1cc2c(c(C(C)(C)C)c1F)OB1Oc3c(cc(OC)c(F)c3C(C)(C)C)N12,360.6538217877969,original
COc1cc2c(c(C(C)(C)C)c1O)OB1Oc3c(cc(OC)c(O)c3C(C)(C)C)N12,353.82229652255774,original
COc1cc2c(c(C(C)(C)C)c1[N+](=O)[O-])OB1Oc3c(cc(OC)c([N+](=O)[O-])c3C(C)(C)C)N12,416.380641143769,original
COc1cc2c(c(C(F)(F)F)c1)OB1Oc3c(cc(OC)cc3C(F)(F)F)N12,375.8527899356559,original
COc1cc2c(c(C)c1[N+](=O)[O-])OB1Oc3c(cc(OC)c([N+](=O)[O-])c3C)N12,420.8500563893467,coverage
COc1cc2c(c(F)c1F)OB1Oc3c(cc(OC)c(F)c3F)N12,388.3064563088119,original
COc1cc2c(c(F)c1O)OB1Oc3c(cc(OC)c(O)c3F)N12,364.53016279358417,kmeans
COc1cc2c(c(N(C)C)c1C(C)(C)C)OB1Oc3c(cc(OC)c(C(C)(C)C)c3N(C)C)N12,356.2165164090693,coverage
COc1cc2c(c(N(C)C)c1O)OB1Oc3c(cc(OC)c(O)c3N(C)C)N12,328.0186180071905,original
COc1cc2c(c(N)c1C)OB1Oc3c(cc(OC)c(C)c3N)N12,335.0753586795181,original
COc1cc2c(c([N+](=O)[O-])c1F)OB1Oc3c(cc(OC)c(F)c3[N+](=O)[O-])N12,446.3964358847588,kmeans
COc1cc2c(cc1C(F)(F)F)OB1Oc3cc(C(F)(F)F)c(OC)cc3N12,400.3803178248927,original
COc1cc2c(cc1Cl)OB1Oc3cc(Cl)c(OC)cc3N12,376.5360501082614,original
COc1cc2c(cc1N)OB1Oc3cc(N)c(OC)cc3N12,330.5633840756491,original
COc1cc2c(cc1OC)N1B(O2)Oc2cc(OC)c(OC)cc21,339.1729768412188,original
COc1ccc2c(c1)N1B(O2)Oc2ccc(OC)cc21,326.04094947874546,original
COc1ccc2c(c1)OB1Oc3cc(OC)ccc3N12,337.80446374230087,original
Cc1c(Br)c(C#N)cc2c1OB1Oc3c(cc(C#N)c(Br)c3C)N12,445.8410375714302,kmeans
Cc1c(Br)c(Cl)cc2c1OB1Oc3c(cc(Cl)c(Br)c3C)N12,402.82770409062505,coverage
Cc1c(Br)c([N+](=O)[O-])cc2c1OB1Oc3c(cc([N+](=O)[O-])c(Br)c3C)N12,451.0974202528596,kmeans
Cc1c(Br)cc2c(c1C(C)(C)C)OB1Oc3c(cc(Br)c(C)c3C(C)(C)C)N12,371.9059279933572,original
Cc1c(C(C)(C)C)cc2c(c1C(C)(C)C)OB1Oc3c(cc(C(C)(C)C)c(C)c3C(C)(C)C)N12,349.8591302251443,kmeans
Cc1c(C(F)(F)F)cc2c(c1C(C)(C)C)OB1Oc3c(cc(C(F)(F)F)c(C)c3C(C)(C)C)N12,394.352851995267,kmeans
Cc1c(C(F)(F)F)cc2c(c1C(F)(F)F)OB1Oc3c(cc(C(F)(F)F)c(C)c3C(F)(F)F)N12,434.2600087011233,kmeans
Cc1c(C(F)(F)F)cc2c(c1[N+](=O)[O-])OB1Oc3c(cc(C(F)(F)F)c(C)c3[N+](=O)[O-])N12,461.0338357947767,original
Cc1c(Cl)c(C(C)(C)C)cc2c1OB1Oc3c(cc(C(C)(C)C)c(Cl)c3C)N12,371.2233767099679,kmeans & coverage
Cc1c(Cl)c(N)cc2c1OB1Oc3c(cc(N)c(Cl)c3C)N12,348.49770335294306,original
Cc1c(Cl)cc2c(c1Cl)OB1Oc3c(cc(Cl)c(C)c3Cl)N12,406.01968221366405,kmeans
Cc1c(Cl)ccc2c1OB1Oc3c(ccc(Cl)c3C)N12,372.1462137727067,kmeans
Cc1c(F)cc2c(c1C(F)(F)F)OB1Oc3c(cc(F)c(C)c3C(F)(F)F)N12,408.5683340234682,coverage
Cc1c(F)cc2c(c1F)OB1Oc3c(cc(F)c(C)c3F)N12,374.92879765015095,kmeans
Cc1c(F)cc2c(c1N(C)C)OB1Oc3c(cc(F)c(C)c3N(C)C)N12,361.1936508845538,coverage
Cc1c(N(C)C)cc2c(c1Br)OB1Oc3c(cc(N(C)C)c(C)c3Br)N12,384.2095470316708,coverage
Cc1c(N(C)C)cc2c(c1C(F)(F)F)OB1Oc3c(cc(N(C)C)c(C)c3C(F)(F)F)N12,380.8964020758867,kmeans
Cc1c(N(C)C)cc2c(c1N(C)C)OB1Oc3c(cc(N(C)C)c(C)c3N(C)C)N12,330.3379586292431,kmeans
Cc1c(N(C)C)cc2c(c1O)OB1Oc3c(cc(N(C)C)c(C)c3O)N12,355.6565497275442,original
Cc1c(N)c(C(C)(C)C)cc2c1OB1Oc3c(cc(C(C)(C)C)c(N)c3C)N12,327.21148673444986,coverage
Cc1c(N)cc2c(c1C#N)OB1Oc3c(cc(N)c(C)c3C#N)N12,392.86041266005486,original
Cc1c(O)cc2c(c1O)OB1Oc3c(cc(O)c(C)c3O)N12,352.7257563630119,original
Cc1c([N+](=O)[O-])cc2c(c1C)OB1Oc3c(cc([N+](=O)[O-])c(C)c3C)N12,420.3900424977765,coverage
Cc1c([N+](=O)[O-])cc2c(c1[N+](=O)[O-])OB1Oc3c(cc([N+](=O)[O-])c(C)c3[N+](=O)[O-])N12,500.41507855430245,kmeans & coverage
Cc1c2c(cc(C#N)c1C(C)(C)C)N1B(O2)Oc2c1cc(C#N)c(C(C)(C)C)c2C,416.0545277632773,coverage
Cc1c2c(cc(F)c1N(C)C)N1B(O2)Oc2c1cc(F)c(N(C)C)c2C,362.9203636003658,original
Cc1c2c(cc(N)c1C(C)(C)C)N1B(O2)Oc2c1cc(N)c(C(C)(C)C)c2C,332.6528621539473,original
Cc1cc(Br)cc2c1OB1Oc3c(C)cc(Br)cc3N12,375.0686580464244,coverage
Cc1cc(Cl)c2c(c1)N1B(O2)Oc2c(Cl)cc(C)cc21,372.6356332665309,original
Cc1cc(N)cc2c1OB1Oc3c(C)cc(N)cc3N12,312.4457024903968,kmeans
Cc1cc2c(c(Br)c1Br)OB1Oc3c(cc(C)c(Br)c3Br)N12,401.5612153038383,original
Cc1cc2c(c(C#N)c1C(C)(C)C)OB1Oc3c(cc(C)c(C(C)(C)C)c3C#N)N12,416.6352358981967,kmeans
Cc1cc2c(c(C#N)c1N(C)C)OB1Oc3c(cc(C)c(N(C)C)c3C#N)N12,412.6525358790532,kmeans
Cc1cc2c(c(C#N)c1[N+](=O)[O-])OB1Oc3c(cc(C)c([N+](=O)[O-])c3C#N)N12,488.8687062850222,kmeans
Cc1cc2c(c(C(C)(C)C)c1C(F)(F)F)OB1Oc3c(cc(C)c(C(F)(F)F)c3C(C)(C)C)N12,387.3426089314744,coverage
Cc1cc2c(c(C(C)(C)C)c1Cl)OB1Oc3c(cc(C)c(Cl)c3C(C)(C)C)N12,375.6727856416255,kmeans
Cc1cc2c(c(C(C)(C)C)c1[N+](=O)[O-])OB1Oc3c(cc(C)c([N+](=O)[O-])c3C(C)(C)C)N12,411.66282732319087,kmeans
Cc1cc2c(c(C(F)(F)F)c1)OB1Oc3c(cc(C)cc3C(F)(F)F)N12,387.7232014406472,original
Cc1cc2c(c(C)c1Br)OB1Oc3c(cc(C)c(Br)c3C)N12,366.681576423347,kmeans
Cc1cc2c(c(C)c1N(C)C)OB1Oc3c(cc(C)c(N(C)C)c3C)N12,329.00186783168465,original
Cc1cc2c(c(Cl)c1N)OB1Oc3c(cc(C)c(N)c3Cl)N12,357.7031271327287,original
Cc1cc2c(c(F)c1O)OB1Oc3c(cc(C)c(O)c3F)N12,363.6025473186746,original
Cc1cc2c(c(N(C)C)c1C(C)(C)C)OB1Oc3c(cc(C)c(C(C)(C)C)c3N(C)C)N12,343.5724750170484,kmeans
Cc1cc2c(c(N(C)C)c1C(F)(F)F)OB1Oc3c(cc(C)c(C(F)(F)F)c3N(C)C)N12,406.44777002185583,kmeans
Cc1cc2c(c(N)c1Cl)OB1Oc3c(cc(C)c(Cl)c3N)N12,358.4134037019685,original
Cc1cc2c(c(O)c1Br)OB1Oc3c(cc(C)c(Br)c3O)N12,379.0741211511194,original
Cc1cc2c(c([N+](=O)[O-])c1C#N)OB1Oc3c(cc(C)c(C#N)c3[N+](=O)[O-])N12,486.16438856814057,coverage
Cc1cc2c(c([N+](=O)[O-])c1N(C)C)OB1Oc3c(cc(C)c(N(C)C)c3[N+](=O)[O-])N12,408.98450206033885,kmeans
Cc1cc2c(c([N+](=O)[O-])c1N)OB1Oc3c(cc(C)c(N)c3[N+](=O)[O-])N12,398.0364812854677,coverage
Cc1cc2c(cc1Br)OB1Oc3cc(Br)c(C)cc3N12,374.2983625382185,original
Cc1cc2c(cc1C(C)(C)C)N1B(O2)Oc2cc(C)c(C(C)(C)C)cc21,336.5664590075612,kmeans
Cc1cc2c(cc1C(F)(F)F)N1B(O2)Oc2cc(C)c(C(F)(F)F)cc21,387.1686170324683,kmeans
Cc1cc2c(cc1N(C)C)N1B(O2)Oc2cc(C)c(N(C)C)cc21,332.604237889871,original
Cc1cc2c(cc1N)OB1Oc3cc(N)c(C)cc3N12,321.13169206120074,kmeans
Cc1cc2c(cc1[N+](=O)[O-])N1B(O2)Oc2cc(C)c([N+](=O)[O-])cc21,430.0932348622009,kmeans
Cc1ccc2c(c1)N1B(O2)Oc2ccc(C)cc21,332.37260313518345,original
Cc1ccc2c(c1)OB1Oc3cc(C)ccc3N12,333.955485700164,original
Cc1ccc2c(c1C#N)OB1Oc3c(ccc(C)c3C#N)N12,415.7594661740586,original
Cc1ccc2c(c1C(C)(C)C)OB1Oc3c(ccc(C)c3C(C)(C)C)N12,350.8241590792313,kmeans
Cc1ccc2c(c1C(F)(F)F)OB1Oc3c(ccc(C)c3C(F)(F)F)N12,385.7434167591855,original
Cc1ccc2c(c1F)OB1Oc3c(ccc(C)c3F)N12,356.3937928089872,original
Cc1ccc2c(c1O)OB1Oc3c(ccc(C)c3O)N12,356.9943077163771,original
Cc1ccc2c(c1[N+](=O)[O-])OB1Oc3c(ccc(C)c3[N+](=O)[O-])N12,419.29016795381904,original
Clc1c(Br)ccc2c1OB1Oc3c(ccc(Br)c3Cl)N12,410.7059900276363,original
Clc1cc2c(c(Cl)c1Br)OB1Oc3c(cc(Cl)c(Br)c3Cl)N12,437.84906747192144,kmeans
Clc1cc2c(cc1Br)OB1Oc3cc(Br)c(Cl)cc3N12,411.18860947713256,original
Clc1ccc2c(c1Br)OB1Oc3c(ccc(Cl)c3Br)N12,409.5875006914139,original
FC(F)(F)c1cc2c(c(C(F)(F)F)c1C(F)(F)F)OB1Oc3c(cc(C(F)(F)F)c(C(F)(F)F)c3C(F)(F)F)N12,479.68620312027633,coverage
FC(F)(F)c1cc2c(c(C(F)(F)F)c1Cl)OB1Oc3c(cc(C(F)(F)F)c(Cl)c3C(F)(F)F)N12,475.35336639359593,coverage
FC(F)(F)c1ccc2c(c1)OB1Oc3cc(C(F)(F)F)ccc3N12,393.126428341493,original
FC(F)(F)c1ccc2c(c1C(F)(F)F)OB1Oc3c(ccc(C(F)(F)F)c3C(F)(F)F)N12,439.4347645742818,original
FC(F)(F)c1ccc2c(c1Cl)OB1Oc3c(ccc(C(F)(F)F)c3Cl)N12,424.9353346992284,original
FC(F)(F)c1cccc2c1OB1Oc3c(cccc3C(F)(F)F)N12,392.1984715508297,original
Fc1c(Br)c(Cl)cc2c1OB1Oc3c(cc(Cl)c(Br)c3F)N12,429.3017515689135,original
Fc1c(Br)cc2c(c1Br)OB1Oc3c(cc(Br)c(F)c3Br)N12,433.6949748024344,kmeans
Fc1c(Br)ccc2c1OB1Oc3c(ccc(Br)c3F)N12,400.7833846136928,original
Fc1c(C(F)(F)F)cc2c(c1Br)OB1Oc3c(cc(C(F)(F)F)c(F)c3Br)N12,450.3949939236045,kmeans
Fc1c(Cl)cc2c(c1Cl)OB1Oc3c(cc(Cl)c(F)c3Cl)N12,433.9616468548775,coverage
Fc1c(Cl)ccc2c1OB1Oc3c(ccc(Cl)c3F)N12,399.8330323081464,original
Fc1cc(Br)cc2c1OB1Oc3c(F)cc(Br)cc3N12,401.7366774789989,original
Fc1cc(F)c2c(c1)N1B(O2)Oc2c(F)cc(F)cc21,381.9184567919001,original
Fc1cc2c(c(F)c1C(F)(F)F)OB1Oc3c(cc(F)c(C(F)(F)F)c3F)N12,431.33026553783566,coverage
Fc1cc2c(c(F)c1Cl)OB1Oc3c(cc(F)c(Cl)c3F)N12,415.6316647017375,original
Fc1cc2c(cc1F)N1B(O2)Oc2cc(F)c(F)cc21,384.2285293983296,original
Fc1ccc2c(c1)N1B(O2)Oc2ccc(F)cc21,357.2106988178566,original
Fc1ccc2c(c1)OB1Oc3cc(F)ccc3N12,365.2610311591998,original
Fc1cccc2c1OB1Oc3c(F)cccc3N12,360.34686930757016,original
N#Cc1c(Br)c(C(F)(F)F)cc2c1OB1Oc3c(cc(C(F)(F)F)c(Br)c3C#N)N12,495.18497713282704,coverage
N#Cc1c(Br)c(O)cc2c1OB1Oc3c(cc(O)c(Br)c3C#N)N12,467.0511671938002,original
N#Cc1c(F)c(Cl)cc2c1OB1Oc3c(cc(Cl)c(F)c3C#N)N12,478.5528534492478,kmeans
N#Cc1c(F)cc2c(c1C(F)(F)F)OB1Oc3c(cc(F)c(C#N)c3C(F)(F)F)N12,481.6965748779476,kmeans
N#Cc1c(F)cc2c(c1Cl)OB1Oc3c(cc(F)c(C#N)c3Cl)N12,467.6758262012154,original
N#Cc1c(N)c(Br)cc2c1OB1Oc3c(cc(Br)c(N)c3C#N)N12,437.59536538645625,original
N#Cc1c(N)c(O)cc2c1OB1Oc3c(cc(O)c(N)c3C#N)N12,416.4074212452397,original
N#Cc1c(N)cc2c(c1Cl)OB1Oc3c(cc(N)c(C#N)c3Cl)N12,421.9299508761615,original
N#Cc1c(N)cc2c(c1O)OB1Oc3c(cc(N)c(C#N)c3O)N12,392.2568364208564,original
N#Cc1c(O)c(C(F)(F)F)cc2c1OB1Oc3c(cc(C(F)(F)F)c(O)c3C#N)N12,472.8539164606482,original
N#Cc1c([N+](=O)[O-])cc2c(c1Br)OB1Oc3c(cc([N+](=O)[O-])c(C#N)c3Br)N12,521.3218316286802,coverage
N#Cc1c([N+](=O)[O-])cc2c(c1C#N)OB1Oc3c(cc([N+](=O)[O-])c(C#N)c3C#N)N12,564.1994530027732,coverage
N#Cc1c([N+](=O)[O-])ccc2c1OB1Oc3c(ccc([N+](=O)[O-])c3C#N)N12,499.323789395392,original
N#Cc1c2c(cc(C(F)(F)F)c1C(F)(F)F)N1B(O2)Oc2c1cc(C(F)(F)F)c(C(F)(F)F)c2C#N,507.91636892128736,left
N#Cc1cc(Br)c2c(c1)N1B(O2)Oc2c(Br)cc(C#N)cc21,458.4867855384946,original
N#Cc1cc(F)cc2c1OB1Oc3c(C#N)cc(F)cc3N12,442.9660623427481,original
N#Cc1cc(O)cc2c1OB1Oc3c(C#N)cc(O)cc3N12,420.64077776670456,original
N#Cc1cc2c(c(Br)c1F)OB1Oc3c(cc(C#N)c(F)c3Br)N12,478.9569966942072,original
N#Cc1cc2c(c(Cl)c1Br)OB1Oc3c(cc(C#N)c(Br)c3Cl)N12,480.2226453237236,coverage
N#Cc1cc2c(c(F)c1C(F)(F)F)OB1Oc3c(cc(C#N)c(C(F)(F)F)c3F)N12,491.785715771839,original
N#Cc1cc2c(c(N)c1N)OB1Oc3c(cc(C#N)c(N)c3N)N12,404.22651808615774,coverage
N#Cc1cc2c(cc1Br)N1B(O2)Oc2cc(C#N)c(Br)cc21,449.6061361320317,original
N#Cc1ccc2c(c1)N1B(O2)Oc2ccc(C#N)cc21,423.73984731547534,original
N#Cc1ccc2c(c1O)OB1Oc3c(ccc(C#N)c3O)N12,420.4128843499348,original
N#Cc1cccc2c1OB1Oc3c(C#N)cccc3N12,422.3564082477242,original
Nc1c(Br)c(Br)cc2c1OB1Oc3c(cc(Br)c(Br)c3N)N12,396.2897359989584,original
Nc1c(Br)cc2c(c1C(F)(F)F)OB1Oc3c(cc(Br)c(N)c3C(F)(F)F)N12,419.0511686690152,kmeans
Nc1c(F)c([N+](=O)[O-])cc2c1OB1Oc3c(cc([N+](=O)[O-])c(F)c3N)N12,442.065909598954,coverage
Nc1c(O)cc2c(c1F)OB1Oc3c(cc(O)c(N)c3F)N12,347.6415277356282,original
Nc1c([N+](=O)[O-])cc2c(c1[N+](=O)[O-])OB1Oc3c(cc([N+](=O)[O-])c(N)c3[N+](=O)[O-])N12,499.0737892668694,kmeans
Nc1cc(Cl)cc2c1OB1Oc3c(N)cc(Cl)cc3N12,364.67228111997247,original
Nc1cc(F)cc2c1OB1Oc3c(N)cc(F)cc3N12,347.88325753994286,original
Nc1cc([N+](=O)[O-])cc2c1OB1Oc3c(N)cc([N+](=O)[O-])cc3N12,420.3043986819685,original
Nc1cc2c(c(C(F)(F)F)c1F)OB1Oc3c(cc(N)c(F)c3C(F)(F)F)N12,393.2496693218127,coverage
Nc1cc2c(c(Cl)c1C(F)(F)F)OB1Oc3c(cc(N)c(C(F)(F)F)c3Cl)N12,398.15158321522176,coverage
Nc1cc2c(c(F)c1C(F)(F)F)OB1Oc3c(cc(N)c(C(F)(F)F)c3F)N12,384.6777787376195,original
Nc1cc2c(c(N)c1F)OB1Oc3c(cc(N)c(F)c3N)N12,331.0223477659747,kmeans
Nc1cc2c(c(N)c1[N+](=O)[O-])OB1Oc3c(cc(N)c([N+](=O)[O-])c3N)N12,385.2290287595242,coverage
Nc1cc2c(c(O)c1N)OB1Oc3c(cc(N)c(N)c3O)N12,336.0932651069015,coverage
Nc1cc2c(c([N+](=O)[O-])c1C(F)(F)F)OB1Oc3c(cc(N)c(C(F)(F)F)c3[N+](=O)[O-])N12,447.0690102716908,original
Nc1cc2c(cc1C(F)(F)F)N1B(O2)Oc2cc(N)c(C(F)(F)F)cc21,379.1614715429023,original
Nc1cc2c(cc1Cl)OB1Oc3cc(Cl)c(N)cc3N12,355.0081036873162,original
Nc1ccc2c(c1)N1B(O2)Oc2ccc(N)cc21,316.15976395457983,original
Nc1ccc2c(c1)OB1Oc3cc(N)ccc3N12,324.53554017469287,original
Nc1ccc2c(c1Cl)OB1Oc3c(ccc(N)c3Cl)N12,362.2638310212642,original
Nc1ccc2c(c1F)OB1Oc3c(ccc(N)c3F)N12,349.51568854413927,original
Nc1ccc2c(c1O)OB1Oc3c(ccc(N)c3O)N12,332.13544695451856,original
Nc1cccc2c1OB1Oc3c(N)cccc3N12,327.40731754433364,original
O=[N+]([O-])c1c(Br)c(F)cc2c1OB1Oc3c(cc(F)c(Br)c3[N+](=O)[O-])N12,470.7414127402008,kmeans
O=[N+]([O-])c1c(Cl)c(Cl)cc2c1OB1Oc3c(cc(Cl)c(Cl)c3[N+](=O)[O-])N12,482.7018789034337,coverage
O=[N+]([O-])c1c(Cl)cc2c(c1Br)OB1Oc3c(cc(Cl)c([N+](=O)[O-])c3Br)N12,476.5952279865742,original
O=[N+]([O-])c1c(F)cc2c(c1C(F)(F)F)OB1Oc3c(cc(F)c([N+](=O)[O-])c3C(F)(F)F)N12,487.329716832377,kmeans
O=[N+]([O-])c1c(O)cc2c(c1Br)OB1Oc3c(cc(O)c([N+](=O)[O-])c3Br)N12,446.6690415740013,original
O=[N+]([O-])c1c2c(cc(Cl)c1C(F)(F)F)N1B(O2)Oc2c1cc(Cl)c(C(F)(F)F)c2[N+](=O)[O-],496.4820267446339,original
O=[N+]([O-])c1cc(C(F)(F)F)cc2c1OB1Oc3c(cc(C(F)(F)F)cc3[N+](=O)[O-])N12,483.25992897246033,original
O=[N+]([O-])c1cc2c(c(C(F)(F)F)c1)OB1Oc3c(cc([N+](=O)[O-])cc3C(F)(F)F)N12,484.071024749428,original
O=[N+]([O-])c1cc2c(c(Cl)c1Cl)OB1Oc3c(cc([N+](=O)[O-])c(Cl)c3Cl)N12,486.2161371782422,coverage
O=[N+]([O-])c1cc2c(c(F)c1Br)OB1Oc3c(cc([N+](=O)[O-])c(Br)c3F)N12,478.9567866548896,original
O=[N+]([O-])c1cc2c(c([N+](=O)[O-])c1[N+](=O)[O-])OB1Oc3c(cc([N+](=O)[O-])c([N+](=O)[O-])c3[N+](=O)[O-])N12,571.8716634325683,coverage
O=[N+]([O-])c1cc2c(cc1Br)OB1Oc3cc(Br)c([N+](=O)[O-])cc3N12,462.8486602976918,original
O=[N+]([O-])c1cc2c(cc1O)N1B(O2)Oc2cc([N+](=O)[O-])c(O)cc21,430.7390028918162,original
O=[N+]([O-])c1ccc2c(c1)OB1Oc3cc([N+](=O)[O-])ccc3N12,429.78928070515394,original
O=[N+]([O-])c1cccc2c1OB1Oc3c(cccc3[N+](=O)[O-])N12,431.1391291217879,original
Oc1c(Br)cc2c(c1F)OB1Oc3c(cc(Br)c(O)c3F)N12,403.2549517415464,coverage
Oc1c(Cl)c(Br)cc2c1OB1Oc3c(cc(Br)c(Cl)c3O)N12,415.1209786571562,original
Oc1c(Cl)c(Cl)cc2c1OB1Oc3c(cc(Cl)c(Cl)c3O)N12,429.66837642062455,original
Oc1c(F)c(F)cc2c1OB1Oc3c(cc(F)c(F)c3O)N12,404.78028858918697,coverage
Oc1c(F)cc2c(c1Br)OB1Oc3c(cc(F)c(O)c3Br)N12,396.8241828233004,coverage
Oc1c(F)cc2c(c1O)OB1Oc3c(cc(F)c(O)c3O)N12,382.8050094442442,kmeans
Oc1cc(Br)c2c(c1)N1B(O2)Oc2c(Br)cc(O)cc21,371.5334745384753,original
Oc1cc(Cl)c2c(c1)N1B(O2)Oc2c(Cl)cc(O)cc21,372.821965014562,original
Oc1cc(Cl)cc2c1OB1Oc3c(O)cc(Cl)cc3N12,371.3928002361208,original
Oc1cc2c(c(Cl)c1O)OB1Oc3c(cc(O)c(O)c3Cl)N12,368.4901784900576,original
Oc1cc2c(c(O)c1C(F)(F)F)OB1Oc3c(cc(O)c(C(F)(F)F)c3O)N12,395.2522170878947,kmeans
Oc1cc2c(c(O)c1F)OB1Oc3c(cc(O)c(F)c3O)N12,375.9978488218039,original
Oc1cc2c(cc1C(F)(F)F)OB1Oc3cc(C(F)(F)F)c(O)cc3N12,374.65548307914287,original
Oc1cc2c(cc1Cl)N1B(O2)Oc2cc(O)c(Cl)cc21,378.4557108338922,original
Oc1cc2c(cc1Cl)OB1Oc3cc(Cl)c(O)cc3N12,358.92261946573853,original
Oc1ccc2c(c1)N1B(O2)Oc2ccc(O)cc21,331.10349935106933,original
Oc1ccc2c(c1)OB1Oc3cc(O)ccc3N12,340.49760207906365,original
Oc1cccc2c1OB1Oc3c(O)cccc3N12,370.9847870031372,original
c1ccc2c(c1)OB1Oc3ccccc3N12,335.03981728293,original
