SMILES,FIA
Brc1cc(Br)cc(B(c2cc(Br)cc(Br)c2)c2cc(Br)cc(Br)c2)c1,432.4827813655138
Brc1ccc(B(c2ccc(Br)cc2)c2ccc(Br)cc2)cc1,374.47264324501157
CC(C)(C)c1c(C#N)c(C#N)c(B(c2c(C#N)c(C#N)c(C(C)(C)C)c(C#N)c2C#N)c2c(C#N)c(C#N)c(C(C)(C)C)c(C#N)c2C#N)c(C#N)c1C#N,566.4394510090351
CC(C)(C)c1c(C(F)(F)F)cc(B(c2cc(C(F)(F)F)c(C(C)(C)C)c(C(F)(F)F)c2)c2cc(C(F)(F)F)c(C(C)(C)C)c(C(F)(F)F)c2)cc1C(F)(F)F,431.7189445849508
CC(C)(C)c1c(N)c(C(C)(C)C)c([N+](=O)[O-])c(B(c2c([N+](=O)[O-])c(C(C)(C)C)c(N)c(C(C)(C)C)c2[N+](=O)[O-])c2c([N+](=O)[O-])c(C(C)(C)C)c(N)c(C(C)(C)C)c2[N+](=O)[O-])c1[N+](=O)[O-],314.9013827126473
CC(C)(C)c1c(N)cc(B(c2cc(N)c(C(C)(C)C)c(N)c2)c2cc(N)c(C(C)(C)C)c(N)c2)cc1N,314.5743241524324
CC(C)(C)c1cc(B(c2cc(C(C)(C)C)c(Cl)c(C(C)(C)C)c2)c2cc(C(C)(C)C)c(Cl)c(C(C)(C)C)c2)cc(C(C)(C)C)c1Cl,363.39985870197415
CC(C)(C)c1cc(B(c2cc(C(C)(C)C)c(N)c(C(C)(C)C)c2)c2cc(C(C)(C)C)c(N)c(C(C)(C)C)c2)cc(C(C)(C)C)c1N,280.01326346583664
CC(C)(C)c1cc(B(c2cc(C(C)(C)C)cc(C(C)(C)C)c2)c2cc(C(C)(C)C)cc(C(C)(C)C)c2)cc(C(C)(C)C)c1,320.07981428783387
CC(C)(C)c1cc(C(C)(C)C)c([N+](=O)[O-])c(B(c2c([N+](=O)[O-])c(C(C)(C)C)cc(C(C)(C)C)c2[N+](=O)[O-])c2c([N+](=O)[O-])c(C(C)(C)C)cc(C(C)(C)C)c2[N+](=O)[O-])c1[N+](=O)[O-],671.3434118982404
CC(C)(C)c1ccc(B(c2ccc(C(C)(C)C)cc2)c2ccc(C(C)(C)C)cc2)cc1,314.8481113128364
CN(C)c1c(C#N)cc(B(c2cc(C#N)c(N(C)C)c(C#N)c2)c2cc(C#N)c(N(C)C)c(C#N)c2)cc1C#N,440.5237432932481
CN(C)c1c(C(C)(C)C)cc(B(c2cc(C(C)(C)C)c(N(C)C)c(C(C)(C)C)c2)c2cc(C(C)(C)C)c(N(C)C)c(C(C)(C)C)c2)cc1C(C)(C)C,339.0373960118741
CN(C)c1c(C(F)(F)F)c(C(F)(F)F)c(B(c2c(C(F)(F)F)c(C(F)(F)F)c(N(C)C)c(C(F)(F)F)c2C(F)(F)F)c2c(C(F)(F)F)c(C(F)(F)F)c(N(C)C)c(C(F)(F)F)c2C(F)(F)F)c(C(F)(F)F)c1C(F)(F)F,356.95740630850196
CN(C)c1c(Cl)cc(B(c2cc(Cl)c(N(C)C)c(Cl)c2)c2cc(Cl)c(N(C)C)c(Cl)c2)cc1Cl,407.28806135989726
CN(C)c1c(F)cc(B(c2cc(F)c(N(C)C)c(F)c2)c2cc(F)c(N(C)C)c(F)c2)cc1F,365.9036932243034
CN(C)c1c(N)c(B(c2c(N)c(N(C)C)c(F)c(N(C)C)c2N)c2c(N)c(N(C)C)c(F)c(N(C)C)c2N)c(N)c(N(C)C)c1F,333.19536926131696
CN(C)c1c(N)cc(B(c2cc(N)c(N(C)C)c(N)c2)c2cc(N)c(N(C)C)c(N)c2)cc1N,288.136508573778
CN(C)c1c(O)cc(B(c2cc(O)c(N(C)C)c(O)c2)c2cc(O)c(N(C)C)c(O)c2)cc1O,341.1441761367023
CN(C)c1c([N+](=O)[O-])cc(B(c2cc([N+](=O)[O-])c(N(C)C)c([N+](=O)[O-])c2)c2cc([N+](=O)[O-])c(N(C)C)c([N+](=O)[O-])c2)cc1[N+](=O)[O-],478.5001596612856
CN(C)c1cc(B(c2cc(N(C)C)c(Br)c(N(C)C)c2)c2cc(N(C)C)c(Br)c(N(C)C)c2)cc(N(C)C)c1Br,384.1607914939523
CN(C)c1cc(B(c2cc(N(C)C)c(C(F)(F)F)c(N(C)C)c2)c2cc(N(C)C)c(C(F)(F)F)c(N(C)C)c2)cc(N(C)C)c1C(F)(F)F,419.2040778025985
CN(C)c1cc(B(c2cc(N(C)C)c(N(C)C)c(N(C)C)c2)c2cc(N(C)C)c(N(C)C)c(N(C)C)c2)cc(N(C)C)c1N(C)C,308.82332349475473
CN(C)c1cc(B(c2cc(N(C)C)c(O)c(N(C)C)c2)c2cc(N(C)C)c(O)c(N(C)C)c2)cc(N(C)C)c1O,264.2020549252629
CN(C)c1cc(B(c2cc(N(C)C)c([N+](=O)[O-])c(N(C)C)c2)c2cc(N(C)C)c([N+](=O)[O-])c(N(C)C)c2)cc(N(C)C)c1[N+](=O)[O-],413.3236662391573
CN(C)c1cc(B(c2cc(N(C)C)cc(N(C)C)c2)c2cc(N(C)C)cc(N(C)C)c2)cc(N(C)C)c1,291.80829685833305
CN(C)c1cc(C(F)(F)F)c(B(c2c(C(F)(F)F)cc(N(C)C)cc2C(F)(F)F)c2c(C(F)(F)F)cc(N(C)C)cc2C(F)(F)F)c(C(F)(F)F)c1,287.1782272551209
CN(C)c1ccc(B(c2ccc(N(C)C)cc2)c2ccc(N(C)C)cc2)cc1,273.30132973380387
COc1c(B(c2c(OC)c(C(C)(C)C)c(C)c(C(C)(C)C)c2OC)c2c(OC)c(C(C)(C)C)c(C)c(C(C)(C)C)c2OC)c(OC)c(C(C)(C)C)c(C)c1C(C)(C)C,237.05656202323735
COc1c(B(c2c(OC)c(N(C)C)c(C)c(N(C)C)c2OC)c2c(OC)c(N(C)C)c(C)c(N(C)C)c2OC)c(OC)c(N(C)C)c(C)c1N(C)C,297.86545709427446
COc1c(Br)c(C)c(Br)c(OC)c1B(c1c(OC)c(Br)c(C)c(Br)c1OC)c1c(OC)c(Br)c(C)c(Br)c1OC,341.7767378985882
COc1c(Br)c(Cl)c(B(c2c(Cl)c(Br)c(OC)c(Br)c2Cl)c2c(Cl)c(Br)c(OC)c(Br)c2Cl)c(Cl)c1Br,396.59954503178596
COc1c(Br)cc(B(c2cc(Br)c(OC)c(Br)c2)c2cc(Br)c(OC)c(Br)c2)cc1Br,418.622765801847
COc1c(C#N)c(C)c(C#N)c(OC)c1B(c1c(OC)c(C#N)c(C)c(C#N)c1OC)c1c(OC)c(C#N)c(C)c(C#N)c1OC,460.68075852748007
COc1c(C#N)cc(B(c2cc(C#N)c(OC)c(C#N)c2)c2cc(C#N)c(OC)c(C#N)c2)cc1C#N,486.40197008289397
COc1c(C(F)(F)F)cc(B(c2cc(C(F)(F)F)c(OC)c(C(F)(F)F)c2)c2cc(C(F)(F)F)c(OC)c(C(F)(F)F)c2)cc1C(F)(F)F,437.48000090941787
COc1c(C)c(OC)c(C)c(B(c2c(C)c(OC)c(C)c(OC)c2C)c2c(C)c(OC)c(C)c(OC)c2C)c1C,297.0874426206574
COc1c(C)c(OC)c(OC)c(B(c2c(OC)c(OC)c(C)c(OC)c2OC)c2c(OC)c(OC)c(C)c(OC)c2OC)c1OC,326.9385922458023
COc1c(C)cc(B(c2cc(C)c(OC)c(C)c2)c2cc(C)c(OC)c(C)c2)cc1C,310.8448011185974
COc1c(Cl)c(C)c(Cl)c(OC)c1B(c1c(OC)c(Cl)c(C)c(Cl)c1OC)c1c(OC)c(Cl)c(C)c(Cl)c1OC,368.26837623119354
COc1c(Cl)c(OC)c([N+](=O)[O-])c(B(c2c([N+](=O)[O-])c(OC)c(Cl)c(OC)c2[N+](=O)[O-])c2c([N+](=O)[O-])c(OC)c(Cl)c(OC)c2[N+](=O)[O-])c1[N+](=O)[O-],420.8916705660522
COc1c(Cl)cc(B(c2cc(Cl)c(OC)c(Cl)c2)c2cc(Cl)c(OC)c(Cl)c2)cc1Cl,416.97731231711805
COc1c(F)c(C)c(F)c(OC)c1B(c1c(OC)c(F)c(C)c(F)c1OC)c1c(OC)c(F)c(C)c(F)c1OC,350.940311207436
COc1c(F)cc(B(c2cc(F)c(OC)c(F)c2)c2cc(F)c(OC)c(F)c2)cc1F,386.75636099185795
COc1c(N(C)C)cc(B(c2cc(N(C)C)c(OC)c(N(C)C)c2)c2cc(N(C)C)c(OC)c(N(C)C)c2)cc1N(C)C,316.21996142249554
COc1c(N)c(C)c(N)c(OC)c1B(c1c(OC)c(N)c(C)c(N)c1OC)c1c(OC)c(N)c(C)c(N)c1OC,277.1437230221927
COc1c(N)c(OC)c(F)c(B(c2c(F)c(OC)c(N)c(OC)c2F)c2c(F)c(OC)c(N)c(OC)c2F)c1F,330.4323453614488
COc1c(N)cc(B(c2cc(N)c(OC)c(N)c2)c2cc(N)c(OC)c(N)c2)cc1N,284.16874765139073
COc1c(O)c(C)c(O)c(OC)c1B(c1c(OC)c(O)c(C)c(O)c1OC)c1c(OC)c(O)c(C)c(O)c1OC,294.07139926496893
COc1cc(B(c2cc(OC)c(Br)c(OC)c2)c2cc(OC)c(Br)c(OC)c2)cc(OC)c1Br,384.2766023091972
COc1cc(B(c2cc(OC)c(C(C)(C)C)c(OC)c2)c2cc(OC)c(C(C)(C)C)c(OC)c2)cc(OC)c1C(C)(C)C,353.6278782328591
COc1cc(B(c2cc(OC)c(C(F)(F)F)c(OC)c2)c2cc(OC)c(C(F)(F)F)c(OC)c2)cc(OC)c1C(F)(F)F,425.70841323398054
COc1cc(B(c2cc(OC)c(Cl)c(OC)c2)c2cc(OC)c(Cl)c(OC)c2)cc(OC)c1Cl,376.19623161666095
COc1cc(B(c2cc(OC)c(N)c(OC)c2)c2cc(OC)c(N)c(OC)c2)cc(OC)c1N,295.25098399538547
COc1cc(B(c2cc(OC)c(OC)c(OC)c2)c2cc(OC)c(OC)c(OC)c2)cc(OC)c1OC,342.76334836613387
COc1cc(C)cc(OC)c1B(c1c(OC)cc(C)cc1OC)c1c(OC)cc(C)cc1OC,281.45718355476856
COc1cc(Cl)c(B(c2c(Cl)cc(OC)cc2Cl)c2c(Cl)cc(OC)cc2Cl)c(Cl)c1,318.03972186520696
COc1cc(OC)cc(B(c2cc(OC)cc(OC)c2)c2cc(OC)cc(OC)c2)c1,316.8409709855914
COc1ccc(B(c2ccc(OC)cc2)c2ccc(OC)cc2)cc1,290.14861316233873
Cc1c(B(c2c(C)c(C(C)(C)C)c(C)c(C(C)(C)C)c2C)c2c(C)c(C(C)(C)C)c(C)c(C(C)(C)C)c2C)c(C)c(C(C)(C)C)c(C)c1C(C)(C)C,260.100577278994
Cc1c(B(c2c(C)c(C(F)(F)F)c(C)c(C(F)(F)F)c2C)c2c(C)c(C(F)(F)F)c(C)c(C(F)(F)F)c2C)c(C)c(C(F)(F)F)c(C)c1C(F)(F)F,388.7418167516589
Cc1c(B(c2c(C)c(N(C)C)c(C)c(N(C)C)c2C)c2c(C)c(N(C)C)c(C)c(N(C)C)c2C)c(C)c(N(C)C)c(C)c1N(C)C,293.08174322079867
Cc1c(B(c2c(C)c([N+](=O)[O-])c(C)c([N+](=O)[O-])c2C)c2c(C)c([N+](=O)[O-])c(C)c([N+](=O)[O-])c2C)c(C)c([N+](=O)[O-])c(C)c1[N+](=O)[O-],472.1617558421567
Cc1c(Br)c(Br)c(B(c2c(Br)c(Br)c(C)c(Br)c2Br)c2c(Br)c(Br)c(C)c(Br)c2Br)c(Br)c1Br,371.1676373332739
Cc1c(Br)c(C#N)c(B(c2c(C#N)c(Br)c(C)c(Br)c2C#N)c2c(C#N)c(Br)c(C)c(Br)c2C#N)c(C#N)c1Br,491.5670378655195
Cc1c(Br)c(C(F)(F)F)c(B(c2c(C(F)(F)F)c(Br)c(C)c(Br)c2C(F)(F)F)c2c(C(F)(F)F)c(Br)c(C)c(Br)c2C(F)(F)F)c(C(F)(F)F)c1Br,382.15325528383255
Cc1c(Br)c(C)c(B(c2c(C)c(Br)c(C)c(Br)c2C)c2c(C)c(Br)c(C)c(Br)c2C)c(C)c1Br,373.45155996084213
Cc1c(Br)c(Cl)c(B(c2c(Cl)c(Br)c(C)c(Br)c2Cl)c2c(Cl)c(Br)c(C)c(Br)c2Cl)c(Cl)c1Br,388.56183870881796
Cc1c(Br)c(F)c(B(c2c(F)c(Br)c(C)c(Br)c2F)c2c(F)c(Br)c(C)c(Br)c2F)c(F)c1Br,425.3618997260928
Cc1c(Br)c(N(C)C)c(B(c2c(N(C)C)c(Br)c(C)c(Br)c2N(C)C)c2c(N(C)C)c(Br)c(C)c(Br)c2N(C)C)c(N(C)C)c1Br,276.6611823439598
Cc1c(Br)c(N)c(B(c2c(N)c(Br)c(C)c(Br)c2N)c2c(N)c(Br)c(C)c(Br)c2N)c(N)c1Br,371.65965607762337
Cc1c(Br)c(O)c(B(c2c(O)c(Br)c(C)c(Br)c2O)c2c(O)c(Br)c(C)c(Br)c2O)c(O)c1Br,402.43892001360655
Cc1c(Br)c([N+](=O)[O-])c(B(c2c([N+](=O)[O-])c(Br)c(C)c(Br)c2[N+](=O)[O-])c2c([N+](=O)[O-])c(Br)c(C)c(Br)c2[N+](=O)[O-])c([N+](=O)[O-])c1Br,401.7465756163001
Cc1c(Br)cc(B(c2cc(Br)c(C)c(Br)c2)c2cc(Br)c(C)c(Br)c2)cc1Br,413.39040645211935
Cc1c(C#N)c(C#N)c(B(c2c(C#N)c(C#N)c(C)c(C#N)c2C#N)c2c(C#N)c(C#N)c(C)c(C#N)c2C#N)c(C#N)c1C#N,582.230837021023
Cc1c(C#N)c(C)c(B(c2c(C)c(C#N)c(C)c(C#N)c2C)c2c(C)c(C#N)c(C)c(C#N)c2C)c(C)c1C#N,454.9440143350512
Cc1c(C#N)cc(B(c2cc(C#N)c(C)c(C#N)c2)c2cc(C#N)c(C)c(C#N)c2)cc1C#N,1504.443374587223
Cc1c(C(C)(C)C)c(F)c(B(c2c(F)c(C(C)(C)C)c(C)c(C(C)(C)C)c2F)c2c(F)c(C(C)(C)C)c(C)c(C(C)(C)C)c2F)c(F)c1C(C)(C)C,357.8237426131964
Cc1c(C(F)(F)F)c(C(F)(F)F)c(B(c2c(C(F)(F)F)c(C(F)(F)F)c(C)c(C(F)(F)F)c2C(F)(F)F)c2c(C(F)(F)F)c(C(F)(F)F)c(C)c(C(F)(F)F)c2C(F)(F)F)c(C(F)(F)F)c1C(F)(F)F,426.7994135841727
Cc1c(C(F)(F)F)c(F)c(B(c2c(F)c(C(F)(F)F)c(C)c(C(F)(F)F)c2F)c2c(F)c(C(F)(F)F)c(C)c(C(F)(F)F)c2F)c(F)c1C(F)(F)F,450.60141074843705
Cc1c(C(F)(F)F)c(N(C)C)c(B(c2c(N(C)C)c(C(F)(F)F)c(C)c(C(F)(F)F)c2N(C)C)c2c(N(C)C)c(C(F)(F)F)c(C)c(C(F)(F)F)c2N(C)C)c(N(C)C)c1C(F)(F)F,323.4524268209934
Cc1c(C(F)(F)F)cc(B(c2cc(C(F)(F)F)c(C)c(C(F)(F)F)c2)c2cc(C(F)(F)F)c(C)c(C(F)(F)F)c2)cc1C(F)(F)F,430.96188160404563
Cc1c(C)c(B(c2c(C)c(C)c(F)c(C)c2C)c2c(C)c(C)c(F)c(C)c2C)c(C)c(C)c1F,305.85687583871186
Cc1c(C)c(F)c(B(c2c(F)c(C)c(C)c(C)c2F)c2c(F)c(C)c(C)c(C)c2F)c(F)c1C,324.95786238461733
Cc1c(C)c(O)c(B(c2c(O)c(C)c(C)c(C)c2O)c2c(O)c(C)c(C)c(C)c2O)c(O)c1C,456.32778421603143
Cc1c(Cl)c(C#N)c(B(c2c(C#N)c(Cl)c(C)c(Cl)c2C#N)c2c(C#N)c(Cl)c(C)c(Cl)c2C#N)c(C#N)c1Cl,497.17841441743076
Cc1c(Cl)c(C(F)(F)F)c(B(c2c(C(F)(F)F)c(Cl)c(C)c(Cl)c2C(F)(F)F)c2c(C(F)(F)F)c(Cl)c(C)c(Cl)c2C(F)(F)F)c(C(F)(F)F)c1Cl,347.8638813495636
Cc1c(Cl)c(C)c(Cl)c(B(c2c(Cl)c(C)c(Cl)c(C)c2Cl)c2c(Cl)c(C)c(Cl)c(C)c2Cl)c1Cl,356.239673320204
Cc1c(Cl)c(N(C)C)c(B(c2c(N(C)C)c(Cl)c(C)c(Cl)c2N(C)C)c2c(N(C)C)c(Cl)c(C)c(Cl)c2N(C)C)c(N(C)C)c1Cl,276.0031532216817
Cc1c(Cl)c([N+](=O)[O-])c(B(c2c([N+](=O)[O-])c(Cl)c(C)c(Cl)c2[N+](=O)[O-])c2c([N+](=O)[O-])c(Cl)c(C)c(Cl)c2[N+](=O)[O-])c([N+](=O)[O-])c1Cl,402.80110777541995
Cc1c(Cl)cc(B(c2cc(Cl)c(C)c(Cl)c2)c2cc(Cl)c(C)c(Cl)c2)cc1Cl,410.0894175618887
Cc1c(F)c(C)c(B(c2c(C)c(F)c(C)c(F)c2C)c2c(C)c(F)c(C)c(F)c2C)c(C)c1F,347.33103608340025
Cc1c(F)c(F)c(B(c2c(F)c(F)c(C)c(F)c2F)c2c(F)c(F)c(C)c(F)c2F)c(F)c1F,402.7311381921172
Cc1c(F)c([N+](=O)[O-])c(B(c2c([N+](=O)[O-])c(F)c(C)c(F)c2[N+](=O)[O-])c2c([N+](=O)[O-])c(F)c(C)c(F)c2[N+](=O)[O-])c([N+](=O)[O-])c1F,386.6193886473775
Cc1c(F)cc(B(c2cc(F)c(C)c(F)c2)c2cc(F)c(C)c(F)c2)cc1F,379.3977665612474
Cc1c(N(C)C)c(C#N)c(B(c2c(C#N)c(N(C)C)c(C)c(N(C)C)c2C#N)c2c(C#N)c(N(C)C)c(C)c(N(C)C)c2C#N)c(C#N)c1N(C)C,416.8989148819819
Cc1c(N)c(C#N)c(B(c2c(C#N)c(N)c(C)c(N)c2C#N)c2c(C#N)c(N)c(C)c(N)c2C#N)c(C#N)c1N,403.5241967830807
Cc1c(N)c(C(F)(F)F)c(B(c2c(C(F)(F)F)c(N)c(C)c(N)c2C(F)(F)F)c2c(C(F)(F)F)c(N)c(C)c(N)c2C(F)(F)F)c(C(F)(F)F)c1N,289.8407995197922
Cc1c(N)c(C)c(B(c2c(C)c(N)c(C)c(N)c2C)c2c(C)c(N)c(C)c(N)c2C)c(C)c1N,271.0962508805096
Cc1c(N)c(Cl)c(B(c2c(Cl)c(N)c(C)c(N)c2Cl)c2c(Cl)c(N)c(C)c(N)c2Cl)c(Cl)c1N,302.8431691788137
Cc1c(N)c(N)c(B(c2c(N)c(N)c(C)c(N)c2N)c2c(N)c(N)c(C)c(N)c2N)c(N)c1N,352.4582704035565
Cc1c(N)c([N+](=O)[O-])c(B(c2c([N+](=O)[O-])c(N)c(C)c(N)c2[N+](=O)[O-])c2c([N+](=O)[O-])c(N)c(C)c(N)c2[N+](=O)[O-])c([N+](=O)[O-])c1N,244.1502172285691
Cc1c(N)cc(B(c2cc(N)c(C)c(N)c2)c2cc(N)c(C)c(N)c2)cc1N,287.9776395568624
Cc1c(O)c(C#N)c(B(c2c(C#N)c(O)c(C)c(O)c2C#N)c2c(C#N)c(O)c(C)c(O)c2C#N)c(C#N)c1O,450.26427026838064
Cc1c(O)c(C)c(B(c2c(C)c(O)c(C)c(O)c2C)c2c(C)c(O)c(C)c(O)c2C)c(C)c1O,318.326689039357
Cc1c(O)c(F)c(B(c2c(F)c(O)c(C)c(O)c2F)c2c(F)c(O)c(C)c(O)c2F)c(F)c1O,363.6211883686483
Cc1c(O)c(N(C)C)c(B(c2c(N(C)C)c(O)c(C)c(O)c2N(C)C)c2c(N(C)C)c(O)c(C)c(O)c2N(C)C)c(N(C)C)c1O,184.06890077143908
Cc1c(O)c(N)c(B(c2c(N)c(O)c(C)c(O)c2N)c2c(N)c(O)c(C)c(O)c2N)c(N)c1O,423.49283237941563
Cc1c(O)c(O)c(B(c2c(O)c(O)c(C)c(O)c2O)c2c(O)c(O)c(C)c(O)c2O)c(O)c1O,428.7129306429997
Cc1c(O)c([N+](=O)[O-])c(B(c2c([N+](=O)[O-])c(O)c(C)c(O)c2[N+](=O)[O-])c2c([N+](=O)[O-])c(O)c(C)c(O)c2[N+](=O)[O-])c([N+](=O)[O-])c1O,354.0193665679544
Cc1c(O)cc(B(c2cc(O)c(C)c(O)c2)c2cc(O)c(C)c(O)c2)cc1O,346.72255015652627
Cc1c([N+](=O)[O-])c(N(C)C)c(B(c2c(N(C)C)c([N+](=O)[O-])c(C)c([N+](=O)[O-])c2N(C)C)c2c(N(C)C)c([N+](=O)[O-])c(C)c([N+](=O)[O-])c2N(C)C)c(N(C)C)c1[N+](=O)[O-],379.7246675901115
Cc1c([N+](=O)[O-])c([N+](=O)[O-])c(B(c2c([N+](=O)[O-])c([N+](=O)[O-])c(C)c([N+](=O)[O-])c2[N+](=O)[O-])c2c([N+](=O)[O-])c([N+](=O)[O-])c(C)c([N+](=O)[O-])c2[N+](=O)[O-])c([N+](=O)[O-])c1[N+](=O)[O-],490.4383353218436
Cc1c([N+](=O)[O-])cc(B(c2cc([N+](=O)[O-])c(C)c([N+](=O)[O-])c2)c2cc([N+](=O)[O-])c(C)c([N+](=O)[O-])c2)cc1[N+](=O)[O-],508.22659802343696
Cc1cc(B(c2cc(C)c(C(C)(C)C)c(C)c2)c2cc(C)c(C(C)(C)C)c(C)c2)cc(C)c1C(C)(C)C,313.4670719532296
Cc1cc(B(c2cc(C)c(C(F)(F)F)c(C)c2)c2cc(C)c(C(F)(F)F)c(C)c2)cc(C)c1C(F)(F)F,386.1948715187609
Cc1cc(B(c2cc(C)c(C)c(C)c2)c2cc(C)c(C)c(C)c2)cc(C)c1C,300.33584274258465
Cc1cc(B(c2cc(C)c(O)c(C)c2)c2cc(C)c(O)c(C)c2)cc(C)c1O,287.76465898007154
Cc1cc(B(c2cc(C)c([N+](=O)[O-])c(C)c2)c2cc(C)c([N+](=O)[O-])c(C)c2)cc(C)c1[N+](=O)[O-],426.26906254608184
Cc1cc(C#N)c(B(c2c(C#N)cc(C)cc2C#N)c2c(C#N)cc(C)cc2C#N)c(C#N)c1,438.16294602304697
Cc1cc(C(F)(F)F)c(B(c2c(C(F)(F)F)cc(C)cc2C(F)(F)F)c2c(C(F)(F)F)cc(C)cc2C(F)(F)F)c(C(F)(F)F)c1,330.1737598441541
Cc1cc(C)cc(B(c2cc(C)cc(C)c2)c2cc(C)cc(C)c2)c1,309.67385165859014
Cc1cc(F)c(B(c2c(F)cc(C)cc2F)c2c(F)cc(C)cc2F)c(F)c1,334.12235461641103
Cc1cc(N(C)C)c(B(c2c(N(C)C)cc(C)cc2N(C)C)c2c(N(C)C)cc(C)cc2N(C)C)c(N(C)C)c1,207.14678497891873
Cc1cc(N)c(B(c2c(N)cc(C)cc2N)c2c(N)cc(C)cc2N)c(N)c1,327.1980441752821
Cc1ccc(B(c2ccc(C)cc2)c2ccc(C)cc2)cc1,306.7161022843793
Clc1c(Br)cc(B(c2cc(Br)c(Cl)c(Br)c2)c2cc(Br)c(Cl)c(Br)c2)cc1Br,452.53950248658657
Clc1cc(B(c2cc(Cl)c(Br)c(Cl)c2)c2cc(Cl)c(Br)c(Cl)c2)cc(Cl)c1Br,453.11186153814197
Clc1cc(B(c2cc(Cl)c(Cl)c(Cl)c2)c2cc(Cl)c(Cl)c(Cl)c2)cc(Cl)c1Cl,453.65801808051765
Clc1cc(Cl)cc(B(c2cc(Cl)cc(Cl)c2)c2cc(Cl)cc(Cl)c2)c1,429.800570352003
Clc1ccc(B(c2ccc(Cl)cc2)c2ccc(Cl)cc2)cc1,370.7458769865334
FC(F)(F)c1c(Br)cc(B(c2cc(Br)c(C(F)(F)F)c(Br)c2)c2cc(Br)c(C(F)(F)F)c(Br)c2)cc1Br,484.0195124298334
FC(F)(F)c1c(Cl)cc(B(c2cc(Cl)c(C(F)(F)F)c(Cl)c2)c2cc(Cl)c(C(F)(F)F)c(Cl)c2)cc1Cl,486.1382910963148
FC(F)(F)c1cc(B(c2cc(C(F)(F)F)c(C(F)(F)F)c(C(F)(F)F)c2)c2cc(C(F)(F)F)c(C(F)(F)F)c(C(F)(F)F)c2)cc(C(F)(F)F)c1C(F)(F)F,508.983057141304
FC(F)(F)c1cc(B(c2cc(C(F)(F)F)c(Cl)c(C(F)(F)F)c2)c2cc(C(F)(F)F)c(Cl)c(C(F)(F)F)c2)cc(C(F)(F)F)c1Cl,478.6633870061487
FC(F)(F)c1cc(C(F)(F)F)c(C(F)(F)F)c(B(c2c(C(F)(F)F)c(C(F)(F)F)cc(C(F)(F)F)c2C(F)(F)F)c2c(C(F)(F)F)c(C(F)(F)F)cc(C(F)(F)F)c2C(F)(F)F)c1C(F)(F)F,387.3428977355361
Fc1c(B(c2c(F)c(C(F)(F)F)c(C(F)(F)F)c(C(F)(F)F)c2F)c2c(F)c(C(F)(F)F)c(C(F)(F)F)c(C(F)(F)F)c2F)c(F)c(C(F)(F)F)c(C(F)(F)F)c1C(F)(F)F,526.8814070634544
Fc1c(C(F)(F)F)cc(B(c2cc(C(F)(F)F)c(F)c(C(F)(F)F)c2)c2cc(C(F)(F)F)c(F)c(C(F)(F)F)c2)cc1C(F)(F)F,466.7993029560894
Fc1c(Cl)c(F)c(Cl)c(B(c2c(Cl)c(F)c(Cl)c(F)c2Cl)c2c(Cl)c(F)c(Cl)c(F)c2Cl)c1Cl,438.00079513154924
Fc1cc(B(c2cc(F)c(C(F)(F)F)c(F)c2)c2cc(F)c(C(F)(F)F)c(F)c2)cc(F)c1C(F)(F)F,470.9289259687066
Fc1cc(B(c2cc(F)c(F)c(F)c2)c2cc(F)c(F)c(F)c2)cc(F)c1F,417.80345221050084
Fc1cc(F)cc(B(c2cc(F)cc(F)c2)c2cc(F)cc(F)c2)c1,397.69036159384996
Fc1ccc(B(c2ccc(F)cc2)c2ccc(F)cc2)cc1,340.3484132802114
N#Cc1c(Br)cc(B(c2cc(Br)c(C#N)c(Br)c2)c2cc(Br)c(C#N)c(Br)c2)cc1Br,512.8926632404327
N#Cc1c(Br)cc(Br)c(C#N)c1B(c1c(C#N)c(Br)cc(Br)c1C#N)c1c(C#N)c(Br)cc(Br)c1C#N,512.7243686765432
N#Cc1c(C(F)(F)F)cc(B(c2cc(C(F)(F)F)c(C#N)c(C(F)(F)F)c2)c2cc(C(F)(F)F)c(C#N)c(C(F)(F)F)c2)cc1C(F)(F)F,539.594604132697
N#Cc1c(Cl)c(C#N)c(Cl)c(B(c2c(Cl)c(C#N)c(Cl)c(C#N)c2Cl)c2c(Cl)c(C#N)c(Cl)c(C#N)c2Cl)c1Cl,524.4055341221392
N#Cc1c(Cl)cc(Cl)c(C#N)c1B(c1c(C#N)c(Cl)cc(Cl)c1C#N)c1c(C#N)c(Cl)cc(Cl)c1C#N,518.4595113061368
N#Cc1c(F)c(B(c2c(F)c(C#N)c(C#N)c(C#N)c2F)c2c(F)c(C#N)c(C#N)c(C#N)c2F)c(F)c(C#N)c1C#N,1236.3422332601622
N#Cc1c(O)cc(B(c2cc(O)c(C#N)c(O)c2)c2cc(O)c(C#N)c(O)c2)cc1O,436.68880642484874
N#Cc1c([N+](=O)[O-])c(B(c2c([N+](=O)[O-])c(C#N)c(C(F)(F)F)c(C#N)c2[N+](=O)[O-])c2c([N+](=O)[O-])c(C#N)c(C(F)(F)F)c(C#N)c2[N+](=O)[O-])c([N+](=O)[O-])c(C#N)c1C(F)(F)F,553.9179154541343
N#Cc1cc(B(c2cc(C#N)c(C(F)(F)F)c(C#N)c2)c2cc(C#N)c(C(F)(F)F)c(C#N)c2)cc(C#N)c1C(F)(F)F,569.524361233227
N#Cc1cc(B(c2cc(C#N)c(Cl)c(C#N)c2)c2cc(C#N)c(Cl)c(C#N)c2)cc(C#N)c1Cl,540.6470096325502
N#Cc1cc(B(c2cc(C#N)c(N)c(C#N)c2)c2cc(C#N)c(N)c(C#N)c2)cc(C#N)c1N,437.65236499905586
N#Cc1cc(B(c2cc(C#N)c([N+](=O)[O-])c(C#N)c2)c2cc(C#N)c([N+](=O)[O-])c(C#N)c2)cc(C#N)c1[N+](=O)[O-],607.6435523033142
N#Cc1cc(C#N)c(F)c(B(c2c(F)c(C#N)cc(C#N)c2F)c2c(F)c(C#N)cc(C#N)c2F)c1F,541.9102165447548
N#Cc1cc(C#N)cc(B(c2cc(C#N)cc(C#N)c2)c2cc(C#N)cc(C#N)c2)c1,519.7585562979802
N#Cc1ccc(B(c2ccc(C#N)cc2)c2ccc(C#N)cc2)cc1,436.74287072476
N#Cc1cccc(C#N)c1B(c1c(C#N)cccc1C#N)c1c(C#N)cccc1C#N,457.40135124791414
Nc1c(Br)cc(B(c2cc(Br)c(N)c(Br)c2)c2cc(Br)c(N)c(Br)c2)cc1Br,366.39631582051516
Nc1c(C(F)(F)F)cc(B(c2cc(C(F)(F)F)c(N)c(C(F)(F)F)c2)c2cc(C(F)(F)F)c(N)c(C(F)(F)F)c2)cc1C(F)(F)F,380.03087967820466
Nc1c(Cl)cc(Cl)c(N)c1B(c1c(N)c(Cl)cc(Cl)c1N)c1c(N)c(Cl)cc(Cl)c1N,418.4982383288443
Nc1c(F)c(N)c(F)c(B(c2c(F)c(N)c(F)c(N)c2F)c2c(F)c(N)c(F)c(N)c2F)c1F,343.8815489001572
Nc1c(O)cc(B(c2cc(O)c(N)c(O)c2)c2cc(O)c(N)c(O)c2)cc1O,317.82091267965734
Nc1c([N+](=O)[O-])cc(B(c2cc([N+](=O)[O-])c(N)c([N+](=O)[O-])c2)c2cc([N+](=O)[O-])c(N)c([N+](=O)[O-])c2)cc1[N+](=O)[O-],449.3394378237426
Nc1cc(B(c2cc(N)c(Br)c(N)c2)c2cc(N)c(Br)c(N)c2)cc(N)c1Br,335.49795918911695
Nc1cc(B(c2cc(N)c(Cl)c(N)c2)c2cc(N)c(Cl)c(N)c2)cc(N)c1Cl,337.42862076312304
Nc1cc(B(c2cc(N)c(F)c(N)c2)c2cc(N)c(F)c(N)c2)cc(N)c1F,309.37998204678297
Nc1cc(B(c2cc(N)c(N)c(N)c2)c2cc(N)c(N)c(N)c2)cc(N)c1N,281.06632534042
Nc1cc(B(c2cc(N)c(O)c(N)c2)c2cc(N)c(O)c(N)c2)cc(N)c1O,288.7488802401349
Nc1cc(N)cc(B(c2cc(N)cc(N)c2)c2cc(N)cc(N)c2)c1,292.40423289407045
Nc1ccc(B(c2ccc(N)cc2)c2ccc(N)cc2)cc1,269.25170571450144
O=[N+]([O-])c1c(F)cc(B(c2cc(F)c([N+](=O)[O-])c(F)c2)c2cc(F)c([N+](=O)[O-])c(F)c2)cc1F,514.9101238436997
O=[N+]([O-])c1cc(B(c2cc([N+](=O)[O-])c(C(F)(F)F)c([N+](=O)[O-])c2)c2cc([N+](=O)[O-])c(C(F)(F)F)c([N+](=O)[O-])c2)cc([N+](=O)[O-])c1C(F)(F)F,584.2264797240496
O=[N+]([O-])c1cc(B(c2cc([N+](=O)[O-])c(Cl)c([N+](=O)[O-])c2)c2cc([N+](=O)[O-])c(Cl)c([N+](=O)[O-])c2)cc([N+](=O)[O-])c1Cl,550.4327739775181
O=[N+]([O-])c1cc(B(c2cc([N+](=O)[O-])c(F)c([N+](=O)[O-])c2)c2cc([N+](=O)[O-])c(F)c([N+](=O)[O-])c2)cc([N+](=O)[O-])c1F,544.0382107133046
O=[N+]([O-])c1cc(B(c2cc([N+](=O)[O-])c(O)c([N+](=O)[O-])c2)c2cc([N+](=O)[O-])c(O)c([N+](=O)[O-])c2)cc([N+](=O)[O-])c1O,500.0342234969139
O=[N+]([O-])c1cc(B(c2cc([N+](=O)[O-])cc([N+](=O)[O-])c2)c2cc([N+](=O)[O-])cc([N+](=O)[O-])c2)cc([N+](=O)[O-])c1,532.2937969630584
O=[N+]([O-])c1cc(Cl)c(B(c2c(Cl)cc([N+](=O)[O-])cc2Cl)c2c(Cl)cc([N+](=O)[O-])cc2Cl)c(Cl)c1,454.2568684220314
O=[N+]([O-])c1ccc(B(c2ccc([N+](=O)[O-])cc2)c2ccc([N+](=O)[O-])cc2)cc1,453.476228447631
O=[N+]([O-])c1cccc([N+](=O)[O-])c1B(c1c([N+](=O)[O-])cccc1[N+](=O)[O-])c1c([N+](=O)[O-])cccc1[N+](=O)[O-],350.57780839595944
Oc1c(Br)cc(B(c2cc(Br)c(O)c(Br)c2)c2cc(Br)c(O)c(Br)c2)cc1Br,401.68015046417713
Oc1c(Cl)c(Cl)c(Cl)c(O)c1B(c1c(O)c(Cl)c(Cl)c(Cl)c1O)c1c(O)c(Cl)c(Cl)c(Cl)c1O,479.60284348763525
Oc1c(F)cc(B(c2cc(F)c(O)c(F)c2)c2cc(F)c(O)c(F)c2)cc1F,374.97361493948847
Oc1cc(B(c2cc(O)c(Br)c(O)c2)c2cc(O)c(Br)c(O)c2)cc(O)c1Br,388.613666087389
Oc1cc(B(c2cc(O)c(Cl)c(O)c2)c2cc(O)c(Cl)c(O)c2)cc(O)c1Cl,374.55006924737245
Oc1cc(B(c2cc(O)c(O)c(O)c2)c2cc(O)c(O)c(O)c2)cc(O)c1O,294.66565498057753
Oc1cc(O)cc(B(c2cc(O)cc(O)c2)c2cc(O)cc(O)c2)c1,335.9975656243041
Oc1ccc(B(c2ccc(O)cc2)c2ccc(O)cc2)cc1,298.68756684381515
c1ccc(B(c2ccccc2)c2ccccc2)cc1,316.5945415357128
